Card #,Image Filename
NIK/S135-E001,S135-E001.png
NIK/S135-E001S,S135-E001S.png
NIK/S135-E001SEC,S135-E001SEC.png
NIK/S135-E001SP,S135-E001SP.png
NIK/S135-E002,S135-E002.png
NIK/S135-E002S,S135-E002S.png
NIK/S135-E002SP,S135-E002SP.png
NIK/S135-E003,S135-E003.png
NIK/S135-E003S,S135-E003S.png
NIK/S135-E003SSP,S135-E003SSP.png
NIK/S135-E004,S135-E004.png
NIK/S135-E004S,S135-E004S.png
NIK/S135-E004SP,S135-E004SP.png
NIK/S135-E005,S135-E005.png
NIK/S135-E005S,S135-E005S.png
NIK/S135-E005SP,S135-E005SP.png
NIK/S135-E006,S135-E006.png
NIK/S135-E006S,S135-E006S.png
NIK/S135-E007,S135-E007.png
NIK/S135-E007S,S135-E007S.png
NIK/S135-E008,S135-E008.png
NIK/S135-E008S,S135-E008S.png
NIK/S135-E008SP,S135-E008SP.png
NIK/S135-E009,S135-E009.png
NIK/S135-E009S,S135-E009S.png
NIK/S135-E009SP,S135-E009SP.png
NIK/S135-E010,S135-E010.png
NIK/S135-E010S,S135-E010S.png
NIK/S135-E011,S135-E011.png
NIK/S135-E011S,S135-E011S.png
NIK/S135-E012,S135-E012.png
NIK/S135-E012S,S135-E012S.png
NIK/S135-E013,S135-E013.png
NIK/S135-E013S,S135-E013S.png
NIK/S135-E014,S135-E014.png
NIK/S135-E014S,S135-E014S.png
NIK/S135-E014SP,S135-E014SP.png
NIK/S135-E015,S135-E015.png
NIK/S135-E015S,S135-E015S.png
NIK/S135-E015SP,S135-E015SP.png
NIK/S135-E016,S135-E016.png
NIK/S135-E016S,S135-E016S.png
NIK/S135-E017,S135-E017.png
NIK/S135-E017S,S135-E017S.png
NIK/S135-E018,S135-E018.png
NIK/S135-E018S,S135-E018S.png
NIK/S135-E019,S135-E019.png
NIK/S135-E019S,S135-E019S.png
NIK/S135-E020,S135-E020.png
NIK/S135-E020S,S135-E020S.png
NIK/S135-E021,S135-E021.png
NIK/S135-E021S,S135-E021S.png
NIK/S135-E022,S135-E022.png
NIK/S135-E022S,S135-E022S.png
NIK/S135-E023,S135-E023.png
NIK/S135-E023S,S135-E023S.png
NIK/S135-E024,S135-E024.png
NIK/S135-E024R,S135-E024R.png
NIK/S135-E025,S135-E025.png
NIK/S135-E025R,S135-E025R.png
NIK/S135-E026,S135-E026.png
NIK/S135-E026R,S135-E026R.png
NIK/S135-E027,S135-E027.png
NIK/S135-E027R,S135-E027R.png
NIK/S135-E028,S135-E028.png
NIK/S135-E028S,S135-E028S.png
NIK/S135-E028SSP,S135-E028SSP.png
NIK/S135-E029,S135-E029.png
NIK/S135-E029S,S135-E029S.png
NIK/S135-E029SEC,S135-E029SEC.png
NIK/S135-E029SP,S135-E029SP.png
NIK/S135-E030,S135-E030.png
NIK/S135-E030S,S135-E030S.png
NIK/S135-E030SEC,S135-E030SEC.png
NIK/S135-E030SP,S135-E030SP.png
NIK/S135-E031,S135-E031.png
NIK/S135-E031S,S135-E031S.png
NIK/S135-E031SSP,S135-E031SSP.png
NIK/S135-E032,S135-E032.png
NIK/S135-E032S,S135-E032S.png
NIK/S135-E032SP,S135-E032SP.png
NIK/S135-E033,S135-E033.png
NIK/S135-E033S,S135-E033S.png
NIK/S135-E034,S135-E034.png
NIK/S135-E034S,S135-E034S.png
NIK/S135-E034SSP,S135-E034SSP.png
NIK/S135-E035,S135-E035.png
NIK/S135-E035S,S135-E035S.png
NIK/S135-E035SSP,S135-E035SSP.png
NIK/S135-E036,S135-E036.png
NIK/S135-E036S,S135-E036S.png
NIK/S135-E037,S135-E037.png
NIK/S135-E037S,S135-E037S.png
NIK/S135-E038,S135-E038.png
NIK/S135-E038S,S135-E038S.png
NIK/S135-E038SP,S135-E038SP.png
NIK/S135-E039,S135-E039.png
NIK/S135-E039S,S135-E039S.png
NIK/S135-E040,S135-E040.png
NIK/S135-E040S,S135-E040S.png
NIK/S135-E041,S135-E041.png
NIK/S135-E041S,S135-E041S.png
NIK/S135-E042,S135-E042.png
NIK/S135-E042S,S135-E042S.png
NIK/S135-E043,S135-E043.png
NIK/S135-E043S,S135-E043S.png
NIK/S135-E044,S135-E044.png
NIK/S135-E044S,S135-E044S.png
NIK/S135-E045,S135-E045.png
NIK/S135-E045S,S135-E045S.png
NIK/S135-E045SP,S135-E045SP.png
NIK/S135-E046,S135-E046.png
NIK/S135-E046S,S135-E046S.png
NIK/S135-E047,S135-E047.png
NIK/S135-E047S,S135-E047S.png
NIK/S135-E048,S135-E048.png
NIK/S135-E048S,S135-E048S.png
NIK/S135-E049,S135-E049.png
NIK/S135-E049S,S135-E049S.png
NIK/S135-E050,S135-E050.png
NIK/S135-E050S,S135-E050S.png
NIK/S135-E051,S135-E051.png
NIK/S135-E051S,S135-E051S.png
NIK/S135-E052,S135-E052.png
NIK/S135-E052S,S135-E052S.png
NIK/S135-E053,S135-E053.png
NIK/S135-E053A,S135-E053A.png
NIK/S135-E053R,S135-E053R.png
NIK/S135-E054,S135-E054.png
NIK/S135-E054R,S135-E054R.png
NIK/S135-E055,S135-E055.png
NIK/S135-E055R,S135-E055R.png
NIK/S135-E056,S135-E056.png
NIK/S135-E056S,S135-E056S.png
NIK/S135-E056SSP,S135-E056SSP.png
NIK/S135-E057,S135-E057.png
NIK/S135-E057S,S135-E057S.png
NIK/S135-E057SSP,S135-E057SSP.png
NIK/S135-E058,S135-E058.png
NIK/S135-E058S,S135-E058S.png
NIK/S135-E058SEC,S135-E058SEC.png
NIK/S135-E058SP,S135-E058SP.png
NIK/S135-E059,S135-E059.png
NIK/S135-E059S,S135-E059S.png
NIK/S135-E060,S135-E060.png
NIK/S135-E060S,S135-E060S.png
NIK/S135-E060SP,S135-E060SP.png
NIK/S135-E061,S135-E061.png
NIK/S135-E061S,S135-E061S.png
NIK/S135-E061SP,S135-E061SP.png
NIK/S135-E062,S135-E062.png
NIK/S135-E062S,S135-E062S.png
NIK/S135-E062SP,S135-E062SP.png
NIK/S135-E063,S135-E063.png
NIK/S135-E063S,S135-E063S.png
NIK/S135-E063SP,S135-E063SP.png
NIK/S135-E064,S135-E064.png
NIK/S135-E064S,S135-E064S.png
NIK/S135-E064SP,S135-E064SP.png
NIK/S135-E065,S135-E065.png
NIK/S135-E065S,S135-E065S.png
NIK/S135-E065SP,S135-E065SP.png
NIK/S135-E066,S135-E066.png
NIK/S135-E066S,S135-E066S.png
NIK/S135-E066SP,S135-E066SP.png
NIK/S135-E067,S135-E067.png
NIK/S135-E067S,S135-E067S.png
NIK/S135-E068,S135-E068.png
NIK/S135-E068S,S135-E068S.png
NIK/S135-E069,S135-E069.png
NIK/S135-E069S,S135-E069S.png
NIK/S135-E070,S135-E070.png
NIK/S135-E070S,S135-E070S.png
NIK/S135-E071,S135-E071.png
NIK/S135-E071S,S135-E071S.png
NIK/S135-E071SP,S135-E071SP.png
NIK/S135-E072,S135-E072.png
NIK/S135-E072S,S135-E072S.png
NIK/S135-E073,S135-E073.png
NIK/S135-E073S,S135-E073S.png
NIK/S135-E073SP,S135-E073SP.png
NIK/S135-E074,S135-E074.png
NIK/S135-E074S,S135-E074S.png
NIK/S135-E075,S135-E075.png
NIK/S135-E075S,S135-E075S.png
NIK/S135-E075SP,S135-E075SP.png
NIK/S135-E076,S135-E076.png
NIK/S135-E076S,S135-E076S.png
NIK/S135-E076SP,S135-E076SP.png
NIK/S135-E077,S135-E077.png
NIK/S135-E077S,S135-E077S.png
NIK/S135-E078,S135-E078.png
NIK/S135-E078S,S135-E078S.png
NIK/S135-E079,S135-E079.png
NIK/S135-E079S,S135-E079S.png
NIK/S135-E080,S135-E080.png
NIK/S135-E080R,S135-E080R.png
NIK/S135-E081,S135-E081.png
NIK/S135-E081R,S135-E081R.png
NIK/S135-E082,S135-E082.png
NIK/S135-E082R,S135-E082R.png
NIK/S135-E083,S135-E083.png
NIK/S135-E083S,S135-E083S.png
NIK/S135-E083SSP,S135-E083SSP.png
NIK/S135-E084,S135-E084.png
NIK/S135-E084S,S135-E084S.png
NIK/S135-E084SEC,S135-E084SEC.png
NIK/S135-E084SP,S135-E084SP.png
NIK/S135-E085,S135-E085.png
NIK/S135-E085S,S135-E085S.png
NIK/S135-E086,S135-E086.png
NIK/S135-E086S,S135-E086S.png
NIK/S135-E086SP,S135-E086SP.png
NIK/S135-E087,S135-E087.png
NIK/S135-E087S,S135-E087S.png
NIK/S135-E087SSP,S135-E087SSP.png
NIK/S135-E088,S135-E088.png
NIK/S135-E088S,S135-E088S.png
NIK/S135-E088SP,S135-E088SP.png
NIK/S135-E089,S135-E089.png
NIK/S135-E089S,S135-E089S.png
NIK/S135-E090,S135-E090.png
NIK/S135-E090S,S135-E090S.png
NIK/S135-E091,S135-E091.png
NIK/S135-E091S,S135-E091S.png
NIK/S135-E091SP,S135-E091SP.png
NIK/S135-E092,S135-E092.png
NIK/S135-E092S,S135-E092S.png
NIK/S135-E092SP,S135-E092SP.png
NIK/S135-E093,S135-E093.png
NIK/S135-E093S,S135-E093S.png
NIK/S135-E094,S135-E094.png
NIK/S135-E094S,S135-E094S.png
NIK/S135-E095,S135-E095.png
NIK/S135-E095S,S135-E095S.png
NIK/S135-E096,S135-E096.png
NIK/S135-E096S,S135-E096S.png
NIK/S135-E097,S135-E097.png
NIK/S135-E097S,S135-E097S.png
NIK/S135-E098,S135-E098.png
NIK/S135-E098S,S135-E098S.png
NIK/S135-E099,S135-E099.png
NIK/S135-E099S,S135-E099S.png
NIK/S135-E100,S135-E100.png
NIK/S135-E100S,S135-E100S.png
NIK/S135-E100SP,S135-E100SP.png
NIK/S135-E101,S135-E101.png
NIK/S135-E101S,S135-E101S.png
NIK/S135-E102,S135-E102.png
NIK/S135-E102S,S135-E102S.png
NIK/S135-E103,S135-E103.png
NIK/S135-E103S,S135-E103S.png
NIK/S135-E104,S135-E104.png
NIK/S135-E104S,S135-E104S.png
NIK/S135-E105,S135-E105.png
NIK/S135-E105S,S135-E105S.png
NIK/S135-E106,S135-E106.png
NIK/S135-E106S,S135-E106S.png
NIK/S135-E107,S135-E107.png
NIK/S135-E107S,S135-E107S.png
NIK/S135-E108,S135-E108.png
NIK/S135-E108S,S135-E108S.png
NIK/S135-E109,S135-E109.png
NIK/S135-E109S,S135-E109S.png
NIK/S135-E110,S135-E110.png
NIK/S135-E110R,S135-E110R.png
NIK/S135-E111,S135-E111.png
NIK/S135-E111R,S135-E111R.png
NIK/S135-E112,S135-E112.png
NIK/S135-E112R,S135-E112R.png
NIK/S135-E113,S135-E113.png
NIK/S135-E113S,S135-E113S.png
NIK/S135-E114,S135-E114.png
NIK/S135-E114S,S135-E114S.png
NIK/S135-E115,S135-E115.png
NIK/S135-E115S,S135-E115S.png
NIK/S135-E116,S135-E116.png
NIK/S135-E116S,S135-E116S.png
NIK/S135-E117,S135-E117.png
NIK/S135-E117S,S135-E117S.png
NIK/S135-E118,S135-E118.png
NIK/S135-E118S,S135-E118S.png
NIK/S135-E119,S135-E119.png
NIK/S135-E119S,S135-E119S.png
NIK/S135-E120,S135-E120.png
NIK/S135-E120S,S135-E120S.png
NIK/S135-E121,S135-E121.png
NIK/S135-E121S,S135-E121S.png
NIK/S135-E122,S135-E122.png
NIK/S135-E122S,S135-E122S.png
NIK/S135-E123,S135-E123.png
NIK/S135-E123S,S135-E123S.png
NIK/S135-E124,S135-E124.png
NIK/S135-E124S,S135-E124S.png
NIK/S135-E125,S135-E125.png
NIK/S135-E125S,S135-E125S.png
NIK/S135-E126S,S135-E126S.png
NIK/S135-E127S,S135-E127S.png
NIK/S135-E128S,S135-E128S.png
NIK/S135-E129S,S135-E129S.png
NIK/S135-E130S,S135-E130S.png
NIK/S135-E131S,S135-E131S.png
NIK/S135-E132S,S135-E132S.png
NIK/S135-E133S,S135-E133S.png
NIK/S135-E134S,S135-E134S.png
NIK/S135-E135S,S135-E135S.png
NIK/S135-E136S,S135-E136S.png
NIK/S135-E137S,S135-E137S.png
NIK/S135-PE03S,S135-PE03S.png
NIK/S135-PE04S,S135-PE04S.png
NIK/S135-PE05S,S135-PE05S.png
NIK/S135-PE06S,S135-PE06S.png
NIK/S135-PE07S,S135-PE07S.png
NIK/S135-PE08S,S135-PE08S.png
NIK/S135-PE09S,S135-PE09S.png
NIK/S135-PE10S,S135-PE10S.png
NIK/S135-PE11S,S135-PE11S.png
NIK/S135-PE12S,S135-PE12S.png
